<?xml version="1.0" encoding="UTF-8"?>
<beans:beans xmlns="http://www.springframework.org/schema/security"
	xmlns:beans="http://www.springframework.org/schema/beans" 
	xmlns:xsi="http://www.w3.org/2001/XMLSchema-instance"
	xsi:schemaLocation="http://www.springframework.org/schema/beans
	http://www.springframework.org/schema/beans/spring-beans-3.0.xsd
	http://www.springframework.org/schema/security
	http://www.springframework.org/schema/security/spring-security-3.0.3.xsd">
	
	<global-method-security pre-post-annotations="enabled" />
	
	<http auto-config="false"  use-expressions="true">
		<intercept-url pattern="/login" access="permitAll" />
		<intercept-url pattern="/logout" access="permitAll" />
		<intercept-url pattern="/accessdenied" access="permitAll" />
		<intercept-url pattern="/**" access="hasRole('ROLE_USER')" />
		<form-login login-page="/login" default-target-url="/list" authentication-failure-url="/accessdenied" />
		<logout logout-success-url="/logout" />
	</http>

	<authentication-manager alias="authenticationManager">
        <authentication-provider>
            <user-service>
                <user name="lokesh" password="password" authorities="ROLE_USER" />
                <user name="admin" password="password" authorities="ROLE_USER,ROLE_ADMIN" />
            </user-service>
        </authentication-provider>
    </authentication-manager>
    
    <beans:bean id="employeeDAO" class="com.howtodoinjava.dao.EmployeeDaoImpl" />
    <beans:bean id="employeeManager" class="com.howtodoinjava.service.EmployeeManagerImpl" />
    
</beans:beans>