<?xml version="1.0" encoding="UTF-8"?>
<beans xmlns="http://www.springframework.org/schema/beans"
	xmlns:xsi="http://www.w3.org/2001/XMLSchema-instance" xmlns:context="http://www.springframework.org/schema/context"
	xsi:schemaLocation="http://www.springframework.org/schema/beans
    http://www.springframework.org/schema/beans/spring-beans.xsd
    http://www.springframework.org/schema/context
    http://www.springframework.org/schema/context/spring-context.xsd">

	<context:property-placeholder location="classpath:sport.properties" />
	<bean id="myFortuneService"
		class="by.htp.lesson.main.fortune_service.impl.HappyFortuneService"
		factory-method="getFortuneService" />


	<bean id="myCricketCoach" class="by.htp.lesson.main.coach.impl.CricketCoach">
		<property name="fortuneService" ref="myFortuneService" />

		<property name="emailAddress" value="${htp.email}" />
		<property name="team" value="${htp.team}" />

	</bean>

	<bean id="myCricketCoachReport" class="by.htp.lesson.main.report.CoachReport">
		<property name="email" value="#{myCricketCoach.emailAddress}" />
		<property name="salary"
			value="#{T(java.lang.Integer).parseInt(${htp.salary})}" />

	</bean>

</beans>





