<?xml version="1.0" encoding="UTF-8"?>
<beans xmlns="http://www.springframework.org/schema/beans"
	xmlns:xsi="http://www.w3.org/2001/XMLSchema-instance" xmlns:context="http://www.springframework.org/schema/context"
	xsi:schemaLocation="http://www.springframework.org/schema/beans
    http://www.springframework.org/schema/beans/spring-beans.xsd
    http://www.springframework.org/schema/context
    http://www.springframework.org/schema/context/spring-context.xsd">

	<bean id="myFortuneService" class="by.htp.lesson.main.fortune_service.impl.HappyFortuneService"/>


	<bean id="myCoach" class="by.htp.lesson.main.coach.impl.TrackCoach">
		<constructor-arg ref="myFortuneService" />
	</bean>

	<bean id="myCricketCoach" class="by.htp.lesson.main.coach.impl.CricketCoach">
		<property name="fortuneService" ref="myFortuneService" />

		<property name="emailAddress" value="jd2@it-academy.com" />
		<property name="team" value="HTP: IT-Academy" />

	</bean>

</beans>





